id,name,model_id:id,group_id:id,perm_read,perm_write,perm_create,perm_unlink
access_hr_employee_salary_allocation_internal,hr.employee.salary.allocation.internal,model_hr_employee_salary_allocation,base.group_user,1,1,1,1
access_budget_analytic_internal,budget.analytic internal,account_budget.model_budget_analytic,base.group_user,1,0,0,0
access_analytic_account_internal,analytic.account internal,analytic.model_account_analytic_account,base.group_user,1,0,0,0
access_analytic_line_internal,analytic.line internal,analytic.model_account_analytic_line,base.group_user,1,0,0,0
access_analytic_plan_internal,analytic.plan internal,analytic.model_account_analytic_plan,base.group_user,1,0,0,0
access_account_move_internal,account.move internal,account.model_account_move,base.group_user,1,0,0,0
access_account_move_line_salary_internal,account.move.line internal,account.model_account_move_line,base.group_user,1,0,0,0
access_hr_employee_salary_allocation_user,hr.employee.salary.allocation.user,model_hr_employee_salary_allocation,hr.group_hr_user,1,1,1,1
access_hr_employee_salary_allocation_manager,hr.employee.salary.allocation.manager,model_hr_employee_salary_allocation,hr.group_hr_manager,1,1,1,1
